Institution Name,Web Address,City,State,Institution Type,Campus type,Total enrollment,In-state tuition,Out-of-state tuition,Percent admitted,Average GPA,Average SAT Score,Average ACT Score,Percent of students receiving scholarships,Retention rate,Graduation rate,Percent of non-white students
Adelphi University,www.adelphi.edu/,Garden City,NY,Private,Suburban,7859,47110,47110,68,3.33,1680,21.5,85,82,66,30
Alabama State University,www.alasu.edu/email/index.aspx,Montgomery,AL,Public,Urban,5816,18286,25222,51,3.31,855,17,86,62,26,94
American International College,www.aic.edu,Springfield,MA,Private,Urban,3607,44900,44900,68,3.38,1320,18.5,100,61,39,20
American University,WWW.AMERICAN.EDU,Washington,DC,Private,Urban,12904,56808,56808,43,3.68,1885,28,60,90,77,22
Arcadia University,www.arcadia.edu,Glenside,PA,Private,Suburban,4027,51970,51970,60,3.2,1629,24.5,95,79,65,16
Arizona State University-Tempe,www.asu.edu/,Tempe,AZ,Public,Urban,73378,23837,37630,80,2.65,1145,25,68,80,57,31
Arkansas State University-Main Campus,www2.astate.edu,Jonesboro,AR,Public,Urban,13877,20014,25624,76,2.09,1411,23.5,70,70,40,18
Auburn University,www.auburn.edu,Auburn University,AL,Public,Urban,25134,25282,41794,83,2.4,1730,27,52,90,68,13
Azusa Pacific University,www.apu.edu,Azusa,CA,Private,Suburban,10184,45996,45996,80,2.44,1095,24,84,83,63,35
Ball State University,www.bsu.edu,Muncie,IN,Public,Urban,21053,22250,37214,61,3.33,1595,22,58,77,57,10
Baptist Bible College & Seminary of Pennsylvania,www.bbc.edu,Clarks Summit,PA,Private,Suburban,1107,29190,29190,86,2.41,1489.5,22,92,83,47,7
Barry University,www.barry.edu,Miami,FL,Private,Suburban,9070,45100,45100,47,3.59,1390,19,86,62,41,37
Baylor University,www.baylor.edu,Waco,TX,Private,Urban,15364,53886,53886,57,3.37,1810,26.5,91,87,75,26
Bellarmine University,www.bellarmine.edu,Louisville,KY,Private,Urban,3602,52574,52574,95,2.7,1080,24.5,85,81,62,9
Boston College,www.bc.edu,Chestnut Hill,MA,Private,Urban,14605,60706,60706,32,3.7,2045,31.5,48,95,92,21
Boston University,www.bu.edu,Boston,MA,Private,Urban,32603,61446,61446,46,3.7,1930,28,53,92,84,21
Brigham Young University-Provo,www.byu.edu,Provo,UT,Private,Urban,34409,17496,17496,49,3.55,1255,28.5,70,89,77,8
Brown University,www.brown.edu,Providence,RI,Private,Urban,8885,60460,60460,9,3.99,2155,31.5,48,97,95,25
Case Western Reserve University,www.case.edu,Cleveland,OH,Private,Urban,10026,57798,57798,42,3.62,2040,31,65,92,78,22
Catholic University of America,www.cua.edu,Washington,DC,Private,Urban,6838,56842,56842,60,3.32,1115,24.5,83,84,67,18
Central Michigan University,www.cmich.edu,Mount Pleasant,MI,Public,College town,27626,22004,34454,63,3.2,990.5,22,58,76,57,17
Chapman University,www.chapman.edu,Orange,CA,Private,Urban,7570,59459,59459,45,3.62,1815,26.5,83,91,72,25
Chicago State University,www.csu.edu,Chicago,IL,Public,Urban,6107,23202,29594,29,3.73,960,18.5,99,48,21,87
Clarkson University,www.clarkson.edu,Potsdam,NY,Private,College town,3604,57514,57514,64,3.38,1735,26,98,85,70,10
Cleveland State University,www.csuohio.edu/,Cleveland,OH,Public,Urban,17278,25317,28496,63,3.22,1030,22,59,65,34,25
College of William and Mary,www.wm.edu,Williamsburg,VA,Public,Suburban,8258,28329,51306,33,3.61,2035,30,43,96,90,19
Colorado State University-Fort Collins,www.colostate.edu,Fort Collins,CO,Public,Urban,30659,23203,39056,77,2.12,1135,24.5,47,84,63,12
Columbia University in the City of New York,www.columbia.edu,New York,NY,Private,Urban,26471,64144,64144,7,3.83,2215,32.5,55,96,95,25
Concordia University-Portland,www.cu-portland.edu,Portland,OR,Private,Urban,3111,39022,39022,56,3.23,995,21,94,70,45,25
Corcoran College of Art and Design,www.corcoran.edu,#N/A,DC,Private,Urban,634,51080,51080,27,3.72,2000,30,74,58,59,27
Cornell University,www.cornell.edu,Ithaca,NY,Private,Urban,21424,61618,61618,16,3.85,2120,32,59,96,93,28
Creighton University,www.creighton.edu,Omaha,NE,Private,Urban,7736,48058,48058,77,2.33,1500,27,86,90,75,18
CUNY Hunter College,www.hunter.cuny.edu,New York,NY,Public,Urban,23005,20181,26691,30,2.85,1160,21,50,86,46,51
D'Youville College,www.dyc.edu,Buffalo,NY,Private,Urban,3204,37570,37570,79,2.06,1540,22.5,89,72,40,18
Dartmouth College,www.dartmouth.edu,Hanover,NH,Private,College town,6277,63279,63279,10,3.91,2190,32,55,98,96,26
DePaul University,www.depaul.edu,Chicago,IL,Private,Urban,24966,49367,49367,60,3.38,1155,25.5,72,85,68,30
Drake University,www.drake.edu,Des Moines,IA,Private,Urban,5270,44349,44349,66,3.34,1195,27.5,93,88,74,9
Drew University,www.drew.edu,Madison,NJ,Private,Suburban,2447,59362,59362,77,2.33,1660,24.5,92,75,69,26
Drexel University,www.drexel.edu,Philadelphia,PA,Private,Urban,25500,57870,57870,81,2.48,1765,27,79,85,65,24
Duke University,WWW.DUKE.EDU,Durham,NC,Private,Urban,15386,61748,61748,13,3.89,2185,32,61,97,95,26
Duquesne University,www.duq.edu,Pittsburgh,PA,Private,Urban,9956,44567,44567,74,3.28,1670,24.5,94,89,77,9
East Carolina University,www.ecu.edu,Greenville,NC,Public,Urban,26947,20831,34944,62,3.27,1545,22.5,45,78,58,20
East Tennessee State University,www.etsu.edu,Johnson City,TN,Public,Urban,15133,23607,38919,86,2.83,995,22,78,66,41,10
Eastern University,www.eastern.edu/about/student-consumer-information,Saint Davids,PA,Private,Suburban,4263,42192,42192,64,3.28,1560,21,88,80,60,37
Edgewood College,www.edgewood.edu,Madison,WI,Private,Urban,3064,37304,37304,77,2.32,1525,22.5,83,79,53,10
Emory University,www.emory.edu,Atlanta,GA,Private,Suburban,14236,59908,59908,26,3.75,2050,30.5,64,95,89,32
Fairleigh Dickinson University-Metropolitan Campus,www.fdu.edu,Teaneck,NJ,Private,Suburban,9130,52036,52036,73,3.2,1470,23,41,70,46,37
Ferris State University,www.ferris.edu/,Big Rapids,MI,Public,College town,14533,21878,28134,76,2.86,1450,21.5,68,70,44,13
Florida Agricultural and Mechanical University,www.famu.edu,Tallahassee,FL,Public,Urban,12057,19545,31485,45,3.54,1390,20,80,80,40,94
Florida Atlantic University,www.fau.edu/,Boca Raton,FL,Public,Urban,29994,21583,34027,48,3.51,1560,22,62,78,41,44
Florida Gulf Coast University,www.fgcu.edu,Fort Myers,FL,Public,Suburban,13445,19102,38424,66,3.35,1520,22,64,76,45,26
Florida Institute of Technology,www.fit.edu,Melbourne,FL,Private,Urban,5384,52690,52690,60,3.23,1145,25.5,81,79,55,17
Florida International University,www.fiu.edu,Miami,FL,Public,Suburban,46171,22968,35367,43,3.61,1710,25.5,76,82,49,77
Florida State University,www.fsu.edu,Tallahassee,FL,Public,Urban,40695,21543,36709,57,3.36,1795,27,82,91,75,26
Fordham University,www.fordham.edu,Bronx,NY,Private,Urban,15170,63438,63438,47,3.69,1885,28,80,88,81,26
Gannon University,www.gannon.edu,Erie,PA,Private,Urban,4008,41820,41820,80,2.44,1040,23,90,80,66,9
Gardner-Webb University,www.gardner-webb.edu,Boiling Springs,NC,Private,College town,4868,37620,37620,48,3.64,1500,22,55,67,48,26
George Mason University,www.gmu.edu,Fairfax,VA,Public,Suburban,32961,25335,44019,62,3.5,1720,26,41,86,66,32
George Washington University,www.gwu.edu,Washington,DC,Private,Urban,25653,61446,61446,33,3.62,1950,29,60,92,80,24
Georgetown University,www.georgetown.edu,Washington,DC,Private,Urban,17357,62179,62179,17,3.81,2150,31,46,96,93,20
Georgia State University,www.gsu.edu,Atlanta,GA,Public,Urban,32087,24448,39016,55,3.35,1065,22.5,69,83,51,51
Golden Gate University-San Francisco,www.ggu.edu,San Francisco,CA,Private,Urban,3493,16286,16286,64,3.2,1690,23,81,,,
Gonzaga University,www.gonzaga.edu,Spokane,WA,Private,Urban,7781,48530,48530,67,3.26,1500,27,98,94,81,14
Hamline University,www.hamline.edu,Saint Paul,MN,Private,Urban,4683,46398,46398,66,3.32,1650,24,92,81,63,13
Hampton University,www.hamptonu.edu,Hampton,VA,Private,Urban,4765,33854,33854,36,3.6,1600,20.5,63,65,59,91
Hardin-Simmons University,www.hsutx.edu,Abilene,TX,Private,Urban,2301,33626,33626,38,3.66,1650,22.5,85,66,47,25
Harding University,www.harding.edu,Searcy,AR,Private,College town,6769,26634,26634,76,2.43,1120,25,88,81,61,9
Harvard University,www.harvard.edu,Cambridge,MA,Private,Urban,28147,59950,59950,6,3.94,2260,33.5,45,97,97,25
Hofstra University,www.hofstra.edu,Hempstead,NY,Private,Suburban,11023,54289,54289,59,3.29,1165,25.5,81,78,61,25
Howard University,www.howard.edu,Washington,DC,Private,Urban,10002,41643,41643,49,3.55,1605,23.5,70,81,63,93
Idaho State University,www.isu.edu/,Pocatello,ID,Public,Urban,13852,21068,33400,89,2.33,1055,19,72,62,35,11
Iliff School of Theology,www.iliff.edu,Denver,CO,Private,Urban,343,21589,21589,85,2.7,1050,19,80,64,49,15
Illinois Institute of Technology,www.iit.edu,Chicago,IL,Private,Urban,7684,54677,54677,57,3.4,1850,27.5,95,87,68,17
Illinois State University,illinoisstate.edu/,Normal,IL,Public,Suburban,20706,26259,33699,69,3.34,1700,24,43,82,71,14
Indiana Institute of Technology,www.indianatech.edu,Fort Wayne,IN,Private,Urban,5796,37098,37098,72,3.4,917.5,20,74,56,30,35
Indiana State University,www.indstate.edu,Terre Haute,IN,Public,Urban,12114,20619,30355,83,2.78,1350,19,68,61,44,19
Indiana University of Pennsylvania-Main Campus,www.iup.edu,Indiana,PA,Public,College town,15596,23920,35056,90,2.67,1455,19.5,62,75,50,13
Indiana University-Bloomington,www.iub.edu,Bloomington,IN,Public,Urban,42133,23820,45961,72,3.23,1740,27,54,88,75,12
Indiana University-Purdue University-Indianapolis,www.iupui.edu,Indianapolis,IN,Public,Urban,30451,21680,42495,70,3.29,1490,22,52,72,39,18
Indiana Wesleyan University,www.indwes.edu,Marion,IN,Private,College town,15580,34588,34588,95,2.08,1575,24,63,74,64,22
Iowa State University,www.iastate.edu,Ames,IA,Public,Urban,30748,18920,31472,83,2.53,1145,25,70,86,71,10
James Madison University,www.jmu.edu/,Harrisonburg,VA,Public,Urban,19927,22740,37218,64,3.28,1600,25,30,91,80,12
Johns Hopkins University,www.jhu.edu,Baltimore,MD,Private,Urban,20871,61502,61502,18,3.86,2120,32,53,97,92,25
Kansas State University,www.k-state.edu,Manhattan,KS,Public,Urban,24378,21331,34276,96,2.41,2010,21.6,55,80,58,11
Kent State University at Kent,www.kent.edu,Kent,OH,Public,Suburban,28602,24926,32886,83,2.87,1545,22.5,66,77,52,12
La Salle University,www.lasalle.edu,Philadelphia,PA,Private,Urban,6567,51770,51770,80,2.75,990,22,83,80,66,30
Lamar University,www.lamar.edu,Beaumont,TX,Public,Urban,14289,21769,30265,77,2.85,975,20.5,58,54,32,41
Lewis & Clark College,www.lclark.edu/,Portland,OR,Private,Urban,3702,55666,55666,63,3.24,1910,28.5,70,89,76,15
Liberty University,www.liberty.edu,Lynchburg,VA,Private,Urban,74372,33544,33544,22,3.36,1545,22.5,82,68,46,22
Lincoln Memorial University,www.lmunet.edu,Harrogate,TN,Private,College town,4338,32620,32620,70,3.22,1200,23,93,66,49,10
Lipscomb University,www.lipscomb.edu,Nashville,TN,Private,Urban,4254,40448,40448,53,3.39,1165,25,89,76,56,16
LIU Brooklyn,www.liu.edu,Brooklyn,NY,Private,Urban,8567,50514,50514,87,2.59,1365,19.5,89,61,35,57
Loma Linda University,www.llu.edu/index.html,Loma Linda,CA,Private,Suburban,4612,37458,37458,62,3.38,1780,25.6,51,66,68,48
Louisiana State University and Agricultural & Mechanical College,www.lsu.edu,Baton Rouge,LA,Public,Rural,30225,23227,41144,76,2.27,1135,25.5,75,83,67,17
Louisiana Tech University,www.latech.edu,Ruston,LA,Public,College town,11304,18927,30066,67,3.22,1065,23.5,63,76,47,16
Loyola Marymount University,www.lmu.edu,Los Angeles,CA,Private,Urban,9492,57379,57379,54,3.21,1790,27,72,89,75,39
Loyola University Chicago,www.luc.edu,Chicago,IL,Private,Urban,15720,51273,51273,91,2.74,1730,26.5,84,87,70,24
Loyola University Maryland,www.loyola.edu,Baltimore,MD,Private,Urban,5978,58578,58578,58,3.22,1183.5,27,62,88,84,17
Lynchburg College,www.lynchburg.edu,Lynchburg,VA,Private,Urban,2756,44695,44695,64,3.38,1490,21.5,90,73,57,13
Marquette University,www.marquette.edu,Milwaukee,WI,Private,Urban,11749,48669,48669,57,3.27,1750,27,91,88,80,16
Marshall University,www.marshall.edu/,Huntington,WV,Public,Urban,13708,18916,27146,79,2.29,1470,22,72,71,44,8
Marywood University,www.marywood.edu/,Scranton,PA,Private,Urban,3267,46556,46556,71,3.37,1565,21,94,84,68,7
MCPHS University,www.mcphs.edu,Boston,MA,Private,Urban,6010,46179,46179,89,2.3,1630,23.5,85,79,76,27
Mercer University,www.mercer.edu,Macon,GA,Private,Urban,8329,48212,48212,69,3.32,1175,25.5,89,82,63,41
Michigan State University,www.msu.edu,East Lansing,MI,Public,Urban,48783,24648,45536,69,3.34,1640,25.5,53,91,79,13
Mississippi College,www.mc.edu,Clinton,MS,Private,Suburban,5026,27611,27611,67,3.3,1052,24,91,73,62,30
Mississippi State University,www.msstate.edu/,Mississippi State,MS,Public,College town,20365,21670,31858,65,3.4,1110,24,77,81,58,24
Montclair State University,www.montclair.edu,Montclair,NJ,Public,Suburban,18382,28028,36906,65,3.39,1450,23.8,49,81,63,34
Neumann University,www.neumann.edu,Aston,PA,Private,Suburban,3100,39475,39475,55,3.4,1285,18,100,74,51,21
New York University,www.nyu.edu,New York,NY,Private,Urban,44516,63540,63540,26,3.69,2040,30,58,92,85,27
Norfolk State University,www.nsu.edu,Norfolk,VA,Public,Urban,7100,20536,34006,65,3.4,1300,18,80,74,34,86
North Carolina Central University,www.nccu.edu,Durham,NC,Public,Urban,8604,18547,29120,50,2.4,1270,17.5,75,71,43,80
North Carolina State University at Raleigh,www.ncsu.edu,Raleigh,NC,Public,Urban,34340,22184,35639,50,2.43,1795,27.5,52,92,71,16
North Dakota State University-Main Campus,www.ndsu.edu,Fargo,ND,Public,Urban,14443,19460,30042,84,2.29,1642.5,23.5,53,80,53,6
Northeastern University,www.northeastern.edu,Boston,MA,Private,Urban,27694,58096,58096,32,3.69,2070,31.5,63,96,79,17
Northern Arizona University,nau.edu/,Flagstaff,AZ,Public,Urban,25991,22746,35101,91,2.46,1555,22.5,66,76,49,27
Northern Illinois University,www.niu.edu,Dekalb,IL,Public,Suburban,21869,28342,37438,56,3.34,1495,21.5,60,70,54,29
Northern Kentucky University,www.nku.edu,Highland Heights,KY,Public,Suburban,15634,19186,27274,47,3.56,990,22,65,67,37,9
Northwestern University,www.northwestern.edu,Evanston,IL,Private,Urban,21215,63193,63193,15,3.81,2200,32.5,54,96,93,24
Notre Dame of Maryland University,www.ndm.edu,Baltimore,MD,Private,Urban,2864,45650,45650,50,2.27,1040,21.5,64,70,48,36
Nova Southeastern University,www.nova.edu,Fort Lauderdale,FL,Private,Suburban,26808,43580,43580,57,3.37,1070,24,79,72,42,53
Oakland University,www.oakland.edu,Rochester Hills,MI,Public,Suburban,19740,21751,35011,66,3.34,1455,23,61,70,43,14
Ohio State University-Main Campus,www.osu.edu,Columbus,OH,Public,Urban,56387,25479,41199,56,3.33,1870,29,60,92,82,14
Ohio University-Main Campus,www.ohio.edu,Athens,OH,Public,College town,27402,24396,33360,73,3.27,1610,24,45,79,64,8
Oklahoma City University,www.okcu.edu,Oklahoma City,OK,Private,Urban,3299,44356,44356,72,3.2,1660,26,76,80,56,18
Oklahoma State University-Main Campus,www.okstate.edu/,Stillwater,OK,Public,College town,25708,21842,34427,76,2.66,1115,25,72,79,62,15
Old Dominion University,www.odu.edu,Norfolk,VA,Public,Urban,24670,22267,37927,77,2.53,1030,20.5,44,80,49,32
Oregon State University,oregonstate.edu,Corvallis,OR,Public,Urban,26363,23559,38751,79,2.1,1100,24,59,83,61,15
Pace University-New York,www.pace.edu,New York,NY,Private,Urban,12772,56999,56999,77,2.77,1040,23,82,74,56,32
Pacific University,www.pacificu.edu,Forest Grove,OR,Private,Suburban,3417,50486,50486,86,2.77,1100,24,92,82,63,23
Pennsylvania State University-Main Campus,www.psu.edu/,University Park,PA,Public,College town,45783,33592,46166,54,3.52,1850,30,71,92,86,14
Pepperdine University,www.pepperdine.edu/,Malibu,CA,Private,Suburban,7319,61192,61192,37,3.59,1855,26,64,91,81,32
Princeton University,www.princeton.edu,Princeton,NJ,Private,Suburban,8014,41820,41820,7,3.9,2255,33,60,98,96,40
Purdue University-Main Campus,www.purdue.edu,West Lafayette,IN,Public,Suburban,40393,23242,42044,60,3.44,1775,27,50,90,69,12
Regent University,www.regent.edu,Virginia Beach,VA,Private,Urban,5635,28368,28368,85,2.06,1080,22,84,79,36,33
Robert Morris University,www.rmu.edu,Moon Township,PA,Private,Suburban,5181,40755,40755,81,2.25,1540,22.5,85,76,54,10
Roosevelt University,www.roosevelt.edu,Chicago,IL,Private,Urban,6343,44632,44632,79,2.74,1600,22,79,58,42,41
Rowan University,www.rowan.edu,Glassboro,NJ,Public,Suburban,12183,26970,34776,59,3.29,1650,24,40,85,71,20
Rutgers University-Camden,www.rutgers.edu,Camden,NJ,Public,Urban,6343,28645,42205,59,3.34,1545,24,58,78,64,32
Rutgers University-New Brunswick,www.rutgers.edu/,New Brunswick,NJ,Public,Urban,40434,29468,43492,60,3.37,1805,27,53,91,79,40
Rutgers University-Newark,www.rutgers.edu,Newark,NJ,Public,Urban,12011,29768,43792,54,3.29,1579,25.5,56,84,61,53
Saint Ambrose University,www.sau.edu,Davenport,IA,Private,Urban,3671,40146,40146,96,2.88,1200,22.5,94,78,63,9
Saint John Fisher College,www.sjfc.edu,Rochester,NY,Private,Suburban,4008,41370,41370,63,3.36,1590,24.5,95,84,75,13
Saint Louis University,www.slu.edu,Saint Louis,MO,Private,Urban,17640,53438,53438,64,3.35,1200,27.5,54,88,70,15
Saint Mary's University of Minnesota,www.smumn.edu,Winona,MN,Private,College town,5574,39750,39750,75,2.62,1030,23,73,75,62,10
Saint Peter's University,www.saintpeters.edu,Jersey City,NJ,Private,Urban,3045,47842,47842,54,3.39,1360,18.5,85,75,52,63
Samford University,www.samford.edu,Birmingham,AL,Private,Suburban,4758,40900,40900,77,2.71,1680,25.5,85,87,71,13
San Francisco State University,www.sfsu.edu,San Francisco,CA,Public,Urban,30500,23828,34988,64,3.35,995,21.5,46,80,47,53
Santa Clara University,www.scu.edu,Santa Clara,CA,Private,Urban,8519,59589,59589,51,3.4,1290,29,77,95,86,34
Seattle University,www.seattleu.edu,Seattle,WA,Private,Urban,7484,52605,52605,73,3.25,1735,26.5,84,87,78,27
Seton Hall University,www.shu.edu,South Orange,NJ,Private,Suburban,9830,50318,50318,79,2.37,1670,24.5,79,84,67,30
Shenandoah University,www.su.edu,Winchester,VA,Private,Urban,4176,43598,43598,85,2.2,1495,22.5,73,80,38,20
Simmons College,www.simmons.edu,Boston,MA,Private,Urban,4830,52610,52610,49,3.51,1730,25.5,88,85,67,16
South Dakota State University,www.sdstate.edu/,Brookings,SD,Public,College town,12583,19446,21528,92,2.83,1045,22.5,60,75,55,5
Southeastern Louisiana University,www.selu.edu,Hammond,LA,Public,Urban,15591,17149,29168,45,3.67,1355,22,64,67,34,21
Southern Illinois University-Carbondale,www.siu.edu,Carbondale,IL,Public,Urban,18847,25409,38032,79,2.04,1065,22,66,61,48,27
Southern Illinois University-Edwardsville,www.siue.edu,Edwardsville,IL,Public,Suburban,14055,23069,34013,84,2.65,1570,22.5,49,71,52,18
Southern Methodist University,www.smu.edu,Dallas,TX,Private,Suburban,10893,61355,61355,51,3.36,1940,29,71,90,80,22
Southern University and A & M College,www.subr.edu,Baton Rouge,LA,Public,Urban,6397,18882,20526,36,3.54,460,18.5,92,69,28,95
Southwest Baptist University,www.sbuniv.edu,Bolivar,MO,Private,College town,3864,30340,30340,90,2.75,970,23,79,67,54,7
Springfield College,www.spfldcol.edu,Springfield,MA,Private,Urban,3284,46480,46480,70,3.26,1025,22.5,93,85,66,14
St John's University-New York,www.stjohns.edu,Queens,NY,Private,Urban,21087,56971,56971,53,3.28,1090,24,70,76,59,43
St Mary's University,www.stmarytx.edu/,San Antonio,TX,Private,Urban,3941,38192,38192,58,3.38,1547.5,22.5,90,77,57,61
St Thomas University,www.stu.edu,Miami Gardens,FL,Private,Suburban,2484,41649,41649,46,3.69,1359,18.5,91,70,32,61
Stanford University,www.stanford.edu/,Stanford,CA,Private,Suburban,18519,60749,60749,6,3.85,2210,32.5,65,98,95,30
Stony Brook University,www.stonybrook.edu,Stony Brook,NY,Public,Suburban,23946,22127,34067,39,3.54,1845,28,58,90,70,34
Suffolk University,www.suffolk.edu,Boston,MA,Private,Urban,9018,49979,49979,83,2.5,1510,22.5,67,76,56,20
SUNY at Binghamton,www.binghamton.edu,Vestal,NY,Public,Suburban,15308,22832,33152,43,3.69,1927.5,28.5,46,91,79,25
Syracuse University,syr.edu/,Syracuse,NY,Private,Urban,21029,57450,57450,49,3.57,1730,25.5,72,92,82,24
Temple University,www.temple.edu,Philadelphia,PA,Public,Urban,36744,29632,39658,64,3.24,1675,24.5,68,87,66,27
Texas A & M University-College Station,www.tamu.edu,College Station,TX,Public,Urban,50627,21051,37671,69,3.33,1730,26,56,92,80,24
Texas Christian University,www.tcu.edu/,Fort Worth,TX,Private,Urban,9727,50720,50720,47,3.57,1770,27,66,90,75,19
Texas Southern University,www.tsu.edu,Houston,TX,Public,Urban,9646,24566,35186,45,3.55,1230,17,82,61,12,93
Texas State University,www.txstate.edu,San Marcos,TX,Public,Suburban,34225,19620,28824,75,2.37,1525,23,49,76,55,36
Texas Tech University,www.ttu.edu,Lubbock,TX,Public,Urban,32467,21601,30097,66,3.24,1625,24.5,51,81,62,26
Texas Woman's University,www.twu.edu,Denton,TX,Public,Urban,15168,18259,28885,86,2.35,1415,20,68,69,45,47
The University of Alabama,www.ua.edu/,Tuscaloosa,AL,Public,Urban,33503,27000,41500,57,3.2,1665,26,56,85,67,16
The University of Findlay,www.findlay.edu/,Findlay,OH,Private,College town,4860,41306,41306,68,3.25,1570,23.5,92,74,53,6
The University of Montana,www.umt.edu,Missoula,MT,Public,Urban,14946,19106,34780,94,2.15,1620,23.5,61,74,47,9
The University of Tennessee-Chattanooga,www.utc.edu,Chattanooga,TN,Public,Urban,11660,20530,35736,78,2.37,1060,23,71,67,38,16
The University of Tennessee-Knoxville,www.tennessee.edu,Knoxville,TN,Public,Urban,29833,27450,45940,72,3.4,1165,26.5,76,85,66,13
The University of Texas at Arlington,WWW.UTA.EDU,Arlington,TX,Public,Urban,33239,22234,30730,60,3.38,1585,23,61,72,40,45
The University of Texas at Austin,www.utexas.edu,Austin,TX,Public,Urban,52186,26156,50200,40,3.5,1875,28,45,93,79,37
The University of Texas at Dallas,www.utdallas.edu,Richardson,TX,Public,Urban,19727,24784,39958,59,3.36,1260,28,65,85,64,35
The University of Texas at El Paso,www.utep.edu,El Paso,TX,Public,Urban,22749,21399,33319,100,2.51,920,19.5,70,72,38,81
Towson University,www.towson.edu,Towson,MD,Public,Urban,21960,23166,34844,60,3.34,1620,23,46,86,66,22
Trinity Washington University,www.trinitydc.edu,Washington,DC,Private,Urban,2663,34470,34470,52,3.39,1600,23,86,64,30,80
Tufts University,www.tufts.edu,Medford,MA,Private,Suburban,10837,61000,61000,19,3.94,2170,31.5,43,97,92,20
Tulane University of Louisiana,tulane.edu,New Orleans,LA,Private,Urban,12958,61178,61178,26,3.61,1995,30.5,72,89,75,19
Tuskegee University,www.tuskegee.edu,Tuskegee,AL,Private,College town,3117,32853,32853,35,3.58,915,20,98,73,46,80
Union University,www.uu.edu,Jackson,TN,Private,Urban,3996,44220,44220,74,3.28,1225,25.5,63,92,67,22
University at Buffalo,www.buffalo.edu,Buffalo,NY,Public,Suburban,28952,23316,35256,57,3.31,1155,25.5,53,87,70,21
University of Akron Main Campus,www.uakron.edu,Akron,OH,Public,Urban,26581,23956,32320,96,2.24,1060,21.5,63,67,41,18
University of Alabama at Birmingham,www.uab.edu,Birmingham,AL,Public,Urban,17999,22495,31687,87,2.16,1165,25,63,80,48,28
University of Alabama in Huntsville,www.uah.edu,Huntsville,AL,Public,Urban,7636,23466,35780,81,2.5,1155,26,56,79,47,19
University of Arizona,www.arizona.edu,Tucson,AZ,Public,Urban,40223,25179,42171,77,3.49,1650,24,69,80,61,30
University of Arkansas,www.uark.edu,Fayetteville,AR,Public,Urban,24537,22212,33468,59,3.33,1125,25.5,62,81,60,14
University of Arkansas at Little Rock,ualr.edu/www/,Little Rock,AR,Public,Urban,12872,23191,32968,53,3.33,865,23.5,57,67,20,29
University of Baltimore,www.ubalt.edu,Baltimore,MD,Public,Urban,6558,20068,30446,73,3.25,1395,23.65,77,73,,45
University of Bridgeport,www.bridgeport.edu,Bridgeport,CT,Private,Urban,4877,50043,50043,64,3.22,1375,20,81,62,34,40
University of California-Berkeley,www.berkeley.edu,Berkeley,CA,Public,Urban,35893,33319,56197,18,3.84,2040,30,61,96,91,45
University of California-Davis,www.ucdavis.edu,Davis,CA,Public,Suburban,32354,33066,55944,45,3.51,1785,26,70,92,81,50
University of California-Irvine,www.uci.edu/,Irvine,CA,Public,Urban,27479,30504,53382,42,3.51,1685,24,65,93,86,62
University of California-Los Angeles,www.ucla.edu/,Los Angeles,CA,Public,Urban,39945,32416,55294,22,3.54,1950,28,63,96,92,47
University of California-San Diego,www.ucsd.edu,La Jolla,CA,Public,Urban,28294,30470,53348,38,3.56,1915,28,69,94,86,53
University of California-San Francisco,www.ucsf.edu,San Francisco,CA,Public,Urban,3137,30568,53569,61,3.61,1750,25,54,,,45
University of Central Arkansas,www.uca.edu,Conway,AR,Public,Urban,11107,18596,24341,90,2.04,1010,23,77,70,41,22
University of Central Florida,www.ucf.edu/,Orlando,FL,Public,Suburban,59601,20839,36938,49,3.68,1740,25.5,73,88,65,35
University of Chicago,WWW.UCHICAGO.EDU,Chicago,IL,Private,Urban,15245,64988,64988,9,3.89,2255,33.5,63,99,92,23
University of Cincinnati-Main Campus,www.uc.edu,Cincinnati,OH,Public,Urban,33347,27434,42466,73,3.21,1675,25,56,86,55,14
University of Colorado Boulder,www.colorado.edu,Boulder,CO,Public,Urban,31945,28887,50655,88,2.61,1170,26.5,41,83,68,16
University of Colorado Colorado Springs,www.uccs.edu,Colorado Springs,CO,Public,Urban,10612,20424,31837,91,2.31,1060,23,65,67,47,21
University of Colorado Denver,www.ucdenver.edu/,Denver,CO,Public,Urban,22396,24555,38679,76,2.8,1087.5,23,40,71,45,24
University of Connecticut,uconn.edu/,Storrs,CT,Public,Suburban,25483,27244,46192,54,3.4,1230,27.5,60,93,82,19
University of Dayton,www.udayton.edu,Dayton,OH,Private,Urban,11159,49540,49540,53,3.39,1670,26.5,97,88,78,7
University of Delaware,www.udel.edu/,Newark,DE,Public,Suburban,21856,25612,43432,65,3.32,1745,26.5,45,92,82,15
University of Denver,www.du.edu,Denver,CO,Private,Urban,11656,56077,56077,77,2.52,1785,27.5,78,86,76,13
University of Detroit Mercy,www.udmercy.edu,Detroit,MI,Private,Urban,5231,52400,52400,61,3.36,1660,25,88,79,57,22
University of Florida,www.ufl.edu/,Gainesville,FL,Public,Urban,49913,19103,41381,47,3.67,1890,28.5,89,96,85,30
University of Georgia,www.uga.edu,Athens,GA,Public,Urban,34519,22064,40274,56,3.39,1855,28,82,94,83,19
University of Hartford,www.hartford.edu,West Hartford,CT,Private,Urban,6894,48170,48170,62,3.31,1050,23,84,65,51,22
University of Hawaii at Hilo,hilo.hawaii.edu,Hilo,HI,Public,College town,4157,11227,29086,75,2.42,1420,21,63,70,39,43
University of Hawaii at Manoa,manoa.hawaii.edu,Honolulu,HI,Public,Urban,20426,22996,40564,80,2.65,1605,24,54,79,56,49
University of Houston,www.uh.edu/students,Houston,TX,Public,Urban,40747,22463,30959,58,3.26,1140,24.5,58,83,46,55
University of Idaho,www.uidaho.edu,Moscow,ID,Public,Rural,12420,19598,32674,66,3.39,1585,23,76,77,56,11
University of Illinois at Chicago,www.uic.edu/index.html/,Chicago,IL,Public,Urban,27875,29320,41710,71,3.35,1120,23.5,62,78,58,45
University of Illinois at Urbana-Champaign,www.illinois.edu/,Champaign,IL,Public,Urban,44520,29086,43468,62,3.36,1980,28.5,49,94,84,24
University of Iowa,www.uiowa.edu,Iowa City,IA,Public,Urban,30129,20691,39561,80,2.31,1230,26.5,54,86,70,12
University of Kansas,www.ku.edu,Lawrence,KS,Public,Urban,27135,22277,37043,92,2.58,1190,25,50,79,64,14
University of Kentucky,www.uky.edu,Lexington,KY,Public,Urban,28034,23732,34814,69,3.29,1115,25,74,81,59,13
University of La Verne,www.laverne.edu/,La Verne,CA,Private,Suburban,8628,51997,51997,39,3.68,1540,22.5,67,86,59,52
University of Louisiana at Lafayette,www.louisiana.edu,Lafayette,LA,Public,Urban,16688,19035,28585,59,3.36,1065,23,64,74,44,25
University of Louisiana at Monroe,www.ulm.edu,Monroe,LA,Public,Urban,8548,17250,27822,77,2.64,1080,22.5,62,68,37,28
University of Louisville,www.louisville.edu,Louisville,KY,Public,Urban,21239,22796,36684,71,3.38,1610,25,75,77,52,17
University of Maryland Eastern Shore,www.umes.edu,Princess Anne,MD,Public,College town,4454,21454,29960,55,3.21,1295,17.5,77,69,32,73
University of Maryland-Baltimore,www.umaryland.edu,Baltimore,MD,Public,Urban,6368,25398,37696,63,3.61,1900,28.5,45,68,,33
University of Maryland-College Park,www.umd.edu,College Park,MD,Public,Suburban,37248,23734,42920,47,3.54,2000,30,50,94,82,31
University of Massachusetts-Amherst,www.umass.edu,Amherst,MA,Public,Suburban,28236,26282,40998,63,3.28,1210,26.5,65,88,70,16
University of Massachusetts-Boston,www.umb.edu,Boston,MA,Public,Urban,15874,19875,35654,71,3.22,1170,24.5,53,79,38,33
University of Massachusetts-Dartmouth,www.umassd.edu,North Dartmouth,MA,Public,Suburban,9210,25355,37830,72,3.38,1570,23,63,74,50,18
University of Massachusetts-Lowell,www.uml.edu,Lowell,MA,Public,Suburban,16294,24961,39010,64,3.27,1130,25,52,81,54,21
University of Memphis,www.memphis.edu,Memphis,TN,Public,Urban,22139,23535,38247,68,3.2,1570,22,76,76,40,42
University of Miami,www.miami.edu/,Coral Gables,FL,Private,Suburban,16172,60906,60906,40,3.67,1965,30,74,91,81,34
University of Michigan-Ann Arbor,www.umich.edu,Ann Arbor,MI,Public,Urban,43426,26240,53490,33,3.68,2060,30,51,97,91,19
University of Minnesota-Duluth,www.d.umn.edu/,Duluth,MN,Public,Urban,11491,23355,27020,78,2.1,1570,24,59,75,54,8
University of Minnesota-Twin Cities,www1.umn.edu/twincities/index.php,Minneapolis,MN,Public,Urban,51853,25281,31531,44,3.58,1920,28,55,91,73,14
University of Mississippi,www.olemiss.edu,University,MS,Public,College town,18794,22444,33412,59,3.25,1085,24,68,81,58,20
University of Missouri-Columbia,missouri.edu/,Columbia,MO,Public,Urban,34704,22943,37292,79,2.8,1165,25.5,62,84,71,12
University of Missouri-Kansas City,www.umkc.edu/,Kansas City,MO,Public,Urban,15990,28396,41143,56,3.41,1695,24,57,69,48,23
University of Missouri-St Louis,www.umsl.edu/,Saint Louis,MO,Public,Suburban,16705,24322,39277,74,3.33,1595,23.5,48,78,47,21
University of Nebraska-Lincoln,www.unl.edu/,Lincoln,NE,Public,Urban,24207,22246,35574,64,3.34,1650,25,50,84,65,8
University of Nevada-Las Vegas,go.unlv.edu/,Las Vegas,NV,Public,Urban,27389,22195,36105,85,2.02,1475,21.5,60,76,41,43
University of Nevada-Reno,www.unr.edu/,Reno,NV,Public,Urban,18227,22600,36510,84,2.65,1585,23.5,65,79,54,24
University of New England,www.une.edu/,Biddeford,ME,Private,Suburban,5666,50295,50295,86,2.69,1050,23.5,78,75,58,11
University of New Hampshire-Main Campus,www.unh.edu,Durham,NH,Public,Suburban,15267,30300,43020,78,2.65,1100,22,56,86,77,5
University of New Mexico-Main Campus,www.unm.edu,Albuquerque,NM,Public,Urban,29033,20094,33936,65,3.31,1075,22,81,77,46,49
University of North Carolina at Chapel Hill,www.unc.edu,Chapel Hill,NC,Public,Urban,29278,24024,45806,28,3.73,1940,30,55,97,89,24
University of North Carolina at Charlotte,www.uncc.edu,Charlotte,NC,Public,Urban,26232,19080,31609,69,3.33,1580,22.5,57,77,53,27
University of North Dakota,und.edu,Grand Forks,ND,Public,Urban,15250,21162,31448,74,3.28,1585,23.5,52,74,54,8
University of North Florida,www.unf.edu,Jacksonville,FL,Public,Urban,16201,20575,34978,53,3.33,1700,24.5,67,83,48,22
University of North Texas,www.unt.edu,Denton,TX,Public,Urban,37950,20232,28728,60,3.4,1105,23.5,48,76,48,35
University of Notre Dame,www.nd.edu,Notre Dame,IN,Private,Suburban,12126,60117,60117,22,3.77,2030,33,64,97,95,17
University of Oklahoma-Norman Campus,www.ou.edu,Norman,OK,Public,Suburban,27507,23441,35630,80,2.7,1155,26,60,84,66,22
University of Oregon,www.uoregon.edu,Eugene,OR,Public,Urban,24518,24352,44377,74,3.31,1105,24.5,51,85,67,16
University of Pennsylvania,www.upenn.edu,Philadelphia,PA,Private,Urban,24725,61800,61800,12,3.94,2185,32,53,98,96,27
University of Pittsburgh-Pittsburgh Campus,www.pitt.edu,Pittsburgh,PA,Public,Urban,28769,32126,42132,56,3.25,1865,28,53,93,79,13
University of Puerto Rico-Rio Piedras,www.uprrp.edu,San Juan,PR,Public,Urban,15259,13387,15409,52,3.2,1195,22,66,92,47,74
University of Rhode Island,www.uri.edu/,Kingston,RI,Public,Suburban,16451,26882,42448,79,2.36,1600,24,65,81,63,15
University of Rochester,www.rochester.edu,Rochester,NY,Private,Urban,10510,61340,61340,36,3.61,2010,30.5,82,96,85,18
University of San Diego,www.sandiego.edu,San Diego,CA,Private,Urban,8105,58189,58189,49,3.64,1215,27.5,67,90,76,27
University of San Francisco,www.usfca.edu/,San Francisco,CA,Private,Urban,10040,58384,58384,61,3.39,1750,25,61,88,67,39
University of South Alabama,www.southalabama.edu,Mobile,AL,Public,Urban,14636,19980,26628,86,2.09,1465,23,61,66,37,25
University of South Carolina-Columbia,www.sc.edu/,Columbia,SC,Public,Urban,31288,24804,42516,61,3.26,1195,26.5,72,87,72,18
University of South Dakota,WWW.USD.EDU,Vermillion,SD,Public,College town,10284,20183,22265,88,2.63,1045,23.5,52,75,50,8
University of South Florida-Main Campus,www.usf.edu,Tampa,FL,Public,Urban,41116,20760,31674,45,3.51,1730,25.5,73,90,57,34
University of Southern California,www.usc.edu/,Los Angeles,CA,Private,Urban,39958,62180,62180,20,3.73,2075,31,61,97,90,36
University of Southern Maine,www.usm.maine.edu,Portland,ME,Public,Urban,9382,24062,36422,83,2.65,1490,22.5,54,64,30,7
University of St Thomas,www.stthomas.edu,Saint Paul,MN,Private,Urban,10289,48400,48400,86,2.55,1160,25.5,93,88,74,10
University of the District of Columbia,www.udc.edu,Washington,DC,Public,Urban,5110,25000,32000,98,2.1,810,2,49,51,15,66
University of the Incarnate Word,www.uiw.edu,San Antonio,TX,Private,Urban,8442,39124,39124,93,2.47,965,20.5,68,75,47,65
University of the Pacific,www.pacific.edu,Stockton,CA,Private,Urban,6652,57033,57033,73,3.33,1745,25.5,86,83,58,50
University of the Sciences,www.usciences.edu,Philadelphia,PA,Private,Urban,2749,52766,52766,56,3.28,1745,25,99,84,74,41
University of Toledo,www.utoledo.edu/,Toledo,OH,Public,Urban,21453,24109,33229,91,2.14,1535,22,74,62,44,20
University of Tulsa,www.utulsa.edu,Tulsa,OK,Private,Urban,4326,51035,51035,41,3.55,1865,28.5,85,84,66,15
University of Utah,www.utah.edu,Salt Lake City,UT,Public,Urban,32388,21920,38199,82,3.25,1670.5,24,47,88,59,14
University of Vermont,www.uvm.edu,Burlington,VT,Public,Urban,13098,28886,49814,78,2.33,1780,26.5,72,85,76,8
University of Virginia-Main Campus,www.virginia.edu/,Charlottesville,VA,Public,College town,23907,26075,53461,30,3.79,2025,31,41,98,93,21
University of Washington-Seattle Campus,www.washington.edu,Seattle,WA,Public,Urban,43485,27034,46608,55,3.71,1815,27.5,44,93,81,31
University of Wisconsin-Madison,www.wisc.edu,Madison,WI,Public,Urban,42269,23931,40181,51,3.73,1905,28,46,95,82,11
University of Wisconsin-Milwaukee,www.uwm.edu,Milwaukee,WI,Public,Urban,28712,22142,31871,86,3.21,1550,22,46,69,43,19
University of Wyoming,www.uwyo.edu,Laramie,WY,Public,College town,12903,18145,27865,96,2.88,1110,24.5,73,76,54,8
Utah State University,www.usu.edu,Logan,UT,Public,Urban,28786,17720,29240,97,2.56,1105,23.5,53,72,48,9
Valdosta State University,www.valdosta.edu,Valdosta,GA,Public,Urban,12515,20746,31671,55,3.22,1530,22,66,67,41,38
Valparaiso University,valpo.edu,Valparaiso,IN,Private,Suburban,4078,45860,45860,80,2.51,1640,26,93,87,74,15
Vanderbilt University,www.vanderbilt.edu,Nashville,TN,Private,Urban,12710,61112,61112,13,3.77,2215,33,62,96,92,20
Villanova University,www.villanova.edu,Villanova,PA,Private,Suburban,10583,58736,58736,49,3.5,1950,30,51,94,88,16
Virginia Commonwealth University,www.vcu.edu/,Richmond,VA,Public,Urban,31445,28297,45768,69,3.38,1645,23.5,48,85,56,33
Virginia Polytechnic Institute and State University,WWW.VT.EDU,Blacksburg,VA,Public,College town,31087,26165,41921,70,3.46,1810,27.5,59,92,83,16
Wake Forest University,www.wfu.edu,Winston Salem,NC,Private,Urban,7432,60242,60242,35,3.64,2010,29.8,59,94,87,19
Washington State University,wsu.edu/,Pullman,WA,Public,College town,27679,27697,40779,82,2.14,1525,22,56,82,67,17
Washington University in St Louis,www.wustl.edu,Saint Louis,MO,Private,Suburban,13952,61808,61808,16,3.89,2220,33,50,96,94,23
Wayne State University,www.wayne.edu,Detroit,MI,Public,Urban,28938,23586,36206,76,2.58,1265,22.5,68,75,28,31
West Virginia University,www.wvu.edu/,Morgantown,WV,Public,Urban,29707,18375,31551,85,2.63,1035,23.5,63,77,57,9
Western Carolina University,www.wcu.edu,Cullowhee,NC,Public,Rural,9608,18599,28196,38,3.55,1520,22,64,74,48,11
Western Michigan University,www.wmich.edu,Kalamazoo,MI,Public,Urban,24598,22250,36004,83,2.22,1265,22,65,73,56,16
Western New England University,www.wne.edu,Springfield,MA,Private,Urban,3802,48890,48890,82,2.89,1070,24,87,78,62,15
Wheaton College,www.wheaton.edu,Wheaton,IL,Private,Suburban,3034,42390,42390,69,3.2,1970,29.5,68,95,90,13
Wichita State University,www.wichita.edu,Wichita,KS,Public,Urban,14716,17397,25431,96,2.17,1074.5,23.5,58,70,41,21
Widener University-Delaware Campus,www.widener.edu,Wilmington,DE,Private,Suburban,1048,54019,54019,82,2.79,1240,19,26,100,71,20
Widener University-Main Campus,www.widener.edu,Chester,PA,Private,Suburban,4716,54019,54019,67,3.36,1025,25,83,71,55,24
Wilkes University,www.wilkes.edu,Wilkes-Barre,PA,Private,Urban,5030,46786,46786,76,2.89,1565,20,84,80,61,7
William Carey University,www.wmcarey.edu,Hattiesburg,MS,Private,Urban,4008,25500,25500,49,3.64,1800,24,86,76,58,33
Wingate University,www.wingate.edu,Wingate,NC,Private,Suburban,2648,37740,37740,79,2.34,1495,21.5,96,71,45,19
Wright State University-Main Campus,www.wright.edu,Dayton,OH,Public,Suburban,16780,22438,30442,76,2.96,1500,23.8,63,56,40,17
Yale University,www.yale.edu,New Haven,CT,Private,Urban,11906,61620,61620,7,3.93,2255,33.5,59,99,96,25
Yeshiva University,www.yu.edu,New York,NY,Private,Urban,6740,55075,55075,82,3.41,1840,26,80,95,84,10
Youngstown State University,www.ysu.edu,Youngstown,OH,Public,Urban,13760,20343,20572,69,3.29,1725,26,74,69,32,19
